category,title
Fiction,Action & Adventure
Fiction,Alternate History
Fiction,Anthology
Fiction,Children's Fiction
Fiction,Classic Literature
Fiction,Commercial Fiction
Fiction,Contemporary Fiction
Fiction,Cozy Mystery
Fiction,Crime Fiction
Fiction,Cyberpunk
Fiction,Dark Fantasy
Fiction,Dystopian
Fiction,Epic Fantasy
Fiction,Erotica
Fiction,Experimental Fiction
Fiction,Fairy Tales & Folklore
Fiction,Fantasy
Fiction,Graphic Novels & Comics
Fiction,Hard Science Fiction
Fiction,Historical Fiction
Fiction,Horror
Fiction,Humor & Satire
Fiction,Literary Fiction
Fiction,Magical Realism
Fiction,Medical Thriller
Fiction,Middle Grade (MG)
Fiction,Military Science Fiction
Fiction,Mystery
Fiction,New Adult (NA)
Fiction,Noir Fiction
Fiction,Paranormal Romance
Fiction,Psychological Thriller
Fiction,Romance
Fiction,Romantic Comedy (Rom-Com)
Fiction,Science Fiction (Sci-Fi)
Fiction,Short Stories
Fiction,Space Opera
Fiction,Steampunk
Fiction,Supernatural
Fiction,Thriller & Suspense
Fiction,Urban Fantasy
Fiction,Western
Fiction,Women's Fiction
Fiction,Young Adult (YA)
Non-Fiction,Art & Photography
Non-Fiction,Autobiography
Non-Fiction,Biography
Non-Fiction,Business & Economics
Non-Fiction,Cookbooks & Food Writing
Non-Fiction,Crafts & Hobbies
Non-Fiction,True Crime
Non-Fiction,Essays
Non-Fiction,Health & Wellness
Non-Fiction,History
Non-Fiction,How-To & Manuals
Non-Fiction,Humor & Essay
Non-Fiction,Journalism
Non-Fiction,Memoir
Non-Fiction,Parenting & Family
Non-Fiction,Philosophy
Non-Fiction,Poetry
Non-Fiction,Politics & Current Events
Non-Fiction,Psychology
Non-Fiction,Religion & Spirituality
Non-Fiction,Science & Technology
Non-Fiction,Self-Help & Personal Development
Non-Fiction,Sociology & Social Sciences
Non-Fiction,Sports & Outdoors
Non-Fiction,Travel & Travelogues
Academic / Special,Textbooks & Reference
Academic / Special,Drama & Play scripts
Academic / Special,Guidebooks
Academic / Special,Diaries & Journals
