Category,Genre / Subgenre,Type
Fiction,Action & Adventure,Primary
Fiction,Alternate History,Subgenre
Fiction,Anthology,Primary
Fiction,Children's Fiction,Primary
Fiction,Classic Literature,Primary
Fiction,Commercial Fiction,Primary
Fiction,Contemporary Fiction,Primary
Fiction,Cozy Mystery,Subgenre
Fiction,Crime Fiction,Primary
Fiction,Cyberpunk,Subgenre
Fiction,Dark Fantasy,Subgenre
Fiction,Dystopian,Primary
Fiction,Epic Fantasy,Subgenre
Fiction,Erotica,Primary
Fiction,Experimental Fiction,Primary
Fiction,Fairy Tales & Folklore,Primary
Fiction,Fantasy,Primary
Fiction,Graphic Novels & Comics,Primary
Fiction,Hard Science Fiction,Subgenre
Fiction,Historical Fiction,Primary
Fiction,Horror,Primary
Fiction,Humor & Satire,Primary
Fiction,Literary Fiction,Primary
Fiction,Magical Realism,Primary
Fiction,Medical Thriller,Subgenre
Fiction,Middle Grade (MG),Primary
Fiction,Military Science Fiction,Subgenre
Fiction,Mystery,Primary
Fiction,New Adult (NA),Primary
Fiction,Noir Fiction,Subgenre
Fiction,Paranormal Romance,Subgenre
Fiction,Psychological Thriller,Subgenre
Fiction,Romance,Primary
Fiction,Romantic Comedy (Rom-Com),Subgenre
Fiction,Science Fiction (Sci-Fi),Primary
Fiction,Short Stories,Primary
Fiction,Space Opera,Subgenre
Fiction,Steampunk,Subgenre
Fiction,Supernatural,Subgenre
Fiction,Thriller & Suspense,Primary
Fiction,Urban Fantasy,Subgenre
Fiction,Western,Primary
Fiction,Women's Fiction,Primary
Fiction,Young Adult (YA),Primary
Non-Fiction,Art & Photography,Primary
Non-Fiction,Autobiography,Primary
Non-Fiction,Biography,Primary
Non-Fiction,Business & Economics,Primary
Non-Fiction,Cookbooks & Food Writing,Primary
Non-Fiction,Crafts & Hobbies,Primary
Non-Fiction,True Crime,Primary
Non-Fiction,Essays,Primary
Non-Fiction,Health & Wellness,Primary
Non-Fiction,History,Primary
Non-Fiction,How-To & Manuals,Primary
Non-Fiction,Humor & Essay,Primary
Non-Fiction,Journalism,Primary
Non-Fiction,Memoir,Primary
Non-Fiction,Parenting & Family,Primary
Non-Fiction,Philosophy,Primary
Non-Fiction,Poetry,Primary
Non-Fiction,Politics & Current Events,Primary
Non-Fiction,Psychology,Primary
Non-Fiction,Religion & Spirituality,Primary
Non-Fiction,Science & Technology,Primary
Non-Fiction,Self-Help & Personal Development,Primary
Non-Fiction,Sociology & Social Sciences,Primary
Non-Fiction,Sports & Outdoors,Primary
Non-Fiction,Travel & Travelogues,Primary
Academic / Special,Textbooks & Reference,Primary
Academic / Special,Drama & Play scripts,Primary
Academic / Special,Guidebooks,Primary
Academic / Special,Diaries & Journals,Primary